{"cameraMode":{"drawMode":0,"name":"Shaded","section":"Shading Mode"},"sceneLighting":true,"audioPlay":false,"sceneViewState":{"m_AlwaysRefresh":false,"showFog":true,"showSkybox":true,"showFlares":true,"showImageEffects":true,"showParticleSystems":true,"showVisualEffectGraphs":true,"m_FxEnabled":true},"in2DMode":false,"pivot":{"x":0.009129593148827553,"y":0.5508468151092529,"z":-0.546203076839447},"rotation":{"x":-0.3142879605293274,"y":-0.025051914155483247,"z":0.008326767012476921,"w":-0.9490013122558594},"size":0.0999193862080574,"orthographic":false}