{"cameraMode":{"drawMode":0,"name":"Shaded","section":"Shading Mode"},"sceneLighting":true,"audioPlay":false,"sceneViewState":{"m_AlwaysRefresh":false,"showFog":true,"showSkybox":true,"showFlares":true,"showImageEffects":true,"showParticleSystems":true,"showVisualEffectGraphs":true,"m_FxEnabled":true},"in2DMode":false,"pivot":{"x":-0.011406753212213517,"y":0.16586162149906159,"z":-0.14837677776813508},"rotation":{"x":-0.011210495606064797,"y":0.9856550693511963,"z":-0.15230661630630494,"w":-0.07258675992488861},"size":0.39632362127304079,"orthographic":false}